[
  {
    "model": "quiz.question",
    "pk": 9,
    "fields": {
      "text_en": "What is your main goal for having the dog?",
      "text_pt": "Qual é o seu principal objetivo ao ter o cão?",
      "text_es": "¿Cuál es su objetivo principal al tener un perro?",
      "text_fr": "Quel est votre objectif principal en ayant un chien ?",
      "text_de": "Was ist Ihr Hauptziel beim Halten eines Hundes?",
      "text_it": "Qual è il tuo obiettivo principale nell'avere un cane?",
      "order": 1
    }
  },
  {
    "model": "quiz.answer",
    "pk": 24,
    "fields": {
      "question": 9,
      "text_en": "Companion / family pet",
      "text_pt": "Companheiro / animal de família",
      "text_es": "Compañero / mascota familiar",
      "text_fr": "Compagnon / animal de compagnie",
      "text_de": "Begleiter / Familienhaustier",
      "text_it": "Compagno / animale domestico di famiglia",
      "order": 1
    }
  },
  {
    "model": "quiz.answer",
    "pk": 25,
    "fields": {
      "question": 9,
      "text_en": "Protection / guard",
      "text_pt": "Proteção / guarda",
      "text_es": "Protección / guardia",
      "text_fr": "Protection / garde",
      "text_de": "Schutz / Wachhund",
      "text_it": "Protezione / guardia",
      "order": 2
    }
  },
  {
    "model": "quiz.answer",
    "pk": 26,
    "fields": {
      "question": 9,
      "text_en": "Sport / work",
      "text_pt": "Desporto / trabalho",
      "text_es": "Deporte / trabajo",
      "text_fr": "Sport / travail",
      "text_de": "Sport / Arbeit",
      "text_it": "Sport / lavoro",
      "order": 3
    }
  },
  {
    "model": "quiz.answerweight",
    "pk": 59,
    "fields": {
      "answer": 24,
      "breed": 1,
      "weight": 1
    }
  },
  {
    "model": "quiz.answerweight",
    "pk": 60,
    "fields": {
      "answer": 24,
      "breed": 3,
      "weight": 1
    }
  },
  {
    "model": "quiz.answerweight",
    "pk": 61,
    "fields": {
      "answer": 25,
      "breed": 4,
      "weight": 2
    }
  },
  {
    "model": "quiz.answerweight",
    "pk": 62,
    "fields": {
      "answer": 25,
      "breed": 6,
      "weight": 2
    }
  },
  {
    "model": "quiz.answerweight",
    "pk": 63,
    "fields": {
      "answer": 26,
      "breed": 2,
      "weight": 2
    }
  },
  {
    "model": "quiz.answerweight",
    "pk": 64,
    "fields": {
      "answer": 26,
      "breed": 4,
      "weight": 2
    }
  },
  {
    "model": "quiz.question",
    "pk": 1,
    "fields": {
      "text_en": "Do you live in an apartment, a small house without a yard, or a house with a garden/outdoor space?",
      "text_pt": "Vive num apartamento, numa casa pequena sem quintal ou numa casa com jardim/espaço exterior?",
      "text_es": "¿Vive en un apartamento, una casa pequeña sin patio o una casa con jardín/espacio exterior?",
      "text_fr": "Vivez-vous dans un appartement, une petite maison sans jardin ou une maison avec jardin/espace extérieur ?",
      "text_de": "Leben Sie in einer Wohnung, einem kleinen Haus ohne Garten oder einem Haus mit Garten/außenbereich?",
      "text_it": "Vivi in un appartamento, in una piccola casa senza giardino o in una casa con giardino/spazio esterno?",
      "order": 2
    }
  },
  {
    "model": "quiz.answer",
    "pk": 1,
    "fields": {
      "question": 1,
      "text_en": "Apartment",
      "text_pt": "Apartamento",
      "text_es": "Apartamento",
      "text_fr": "Appartement",
      "text_de": "Wohnung",
      "text_it": "Appartamento",
      "order": 1
    }
  },
  {
    "model": "quiz.answer",
    "pk": 2,
    "fields": {
      "question": 1,
      "text_en": "Small house without yard",
      "text_pt": "Casa pequena sem quintal",
      "text_es": "Casa pequeña sin patio",
      "text_fr": "Petite maison sans jardin",
      "text_de": "Kleines Haus ohne Garten",
      "text_it": "Piccola casa senza giardino",
      "order": 2
    }
  },
  {
    "model": "quiz.answer",
    "pk": 3,
    "fields": {
      "question": 1,
      "text_en": "House with garden/outdoor space",
      "text_pt": "Casa com jardim/espaço exterior",
      "text_es": "Casa con jardín/espacio exterior",
      "text_fr": "Maison avec jardin/espace extérieur",
      "text_de": "Haus mit Garten/außenbereich",
      "text_it": "Casa con giardino/spazio esterno",
      "order": 3
    }
  },
  {
    "model": "quiz.answerweight",
    "pk": 1,
    "fields": {
      "answer": 1,
      "breed": 5,
      "weight": 2
    }
  },
  {
    "model": "quiz.answerweight",
    "pk": 2,
    "fields": {
      "answer": 1,
      "breed": 6,
      "weight": 3
    }
  },
  {
    "model": "quiz.answerweight",
    "pk": 3,
    "fields": {
      "answer": 1,
      "breed": 7,
      "weight": 1
    }
  },
  {
    "model": "quiz.answerweight",
    "pk": 4,
    "fields": {
      "answer": 2,
      "breed": 1,
      "weight": 2
    }
  },
  {
    "model": "quiz.answerweight",
    "pk": 5,
    "fields": {
      "answer": 2,
      "breed": 2,
      "weight": 2
    }
  },
  {
    "model": "quiz.answerweight",
    "pk": 6,
    "fields": {
      "answer": 2,
      "breed": 3,
      "weight": 1
    }
  },
  {
    "model": "quiz.answerweight",
    "pk": 7,
    "fields": {
      "answer": 2,
      "breed": 5,
      "weight": 2
    }
  },
  {
    "model": "quiz.answerweight",
    "pk": 8,
    "fields": {
      "answer": 3,
      "breed": 1,
      "weight": 2
    }
  },
  {
    "model": "quiz.answerweight",
    "pk": 9,
    "fields": {
      "answer": 3,
      "breed": 2,
      "weight": 3
    }
  },
  {
    "model": "quiz.answerweight",
    "pk": 10,
    "fields": {
      "answer": 3,
      "breed": 3,
      "weight": 2
    }
  },
  {
    "model": "quiz.answerweight",
    "pk": 11,
    "fields": {
      "answer": 3,
      "breed": 4,
      "weight": 3
    }
  },
  {
    "model": "quiz.answerweight",
    "pk": 12,
    "fields": {
      "answer": 3,
      "breed": 7,
      "weight": 2
    }
  },
  {
    "model": "quiz.question",
    "pk": 2,
    "fields": {
      "text_en": "How much daily exercise can you provide?",
      "text_pt": "Quanto exercício diário pode oferecer?",
      "text_es": "¿Cuánto ejercicio diario puede proporcionar?",
      "text_fr": "Combien d'exercice quotidien pouvez-vous fournir ?",
      "text_de": "Wie viel tägliche Bewegung können Sie bieten?",
      "text_it": "Quanto esercizio quotidiano puoi fornire?",
      "order": 3
    }
  },
  {
    "model": "quiz.answer",
    "pk": 4,
    "fields": {
      "question": 2,
      "text_en": "30 min walk",
      "text_pt": "Caminhada de 30 min",
      "text_es": "Caminata de 30 min",
      "text_fr": "Promenade de 30 min",
      "text_de": "30-minütiger Spaziergang",
      "text_it": "Passeggiata di 30 minuti",
      "order": 1
    }
  },
  {
    "model": "quiz.answer",
    "pk": 5,
    "fields": {
      "question": 2,
      "text_en": "1–2h including play",
      "text_pt": "1–2h incluindo brincadeiras",
      "text_es": "1–2h incluyendo juegos",
      "text_fr": "1–2h y compris les jeux",
      "text_de": "1–2 Stunden einschließlich Spielen",
      "text_it": "1–2h compresi i giochi",
      "order": 2
    }
  },
  {
    "model": "quiz.answer",
    "pk": 6,
    "fields": {
      "question": 2,
      "text_en": "2h+ intense activities",
      "text_pt": "2h+ atividades intensas",
      "text_es": "2h+ actividades intensas",
      "text_fr": "2h+ d'activités intenses",
      "text_de": "2h+ intensive Aktivitäten",
      "text_it": "2h+ di attività intense",
      "order": 3
    }
  },
  {
    "model": "quiz.answerweight",
    "pk": 13,
    "fields": {
      "answer": 4,
      "breed": 5,
      "weight": 2
    }
  },
  {
    "model": "quiz.answerweight",
    "pk": 14,
    "fields": {
      "answer": 4,
      "breed": 6,
      "weight": 3
    }
  },
  {
    "model": "quiz.answerweight",
    "pk": 15,
    "fields": {
      "answer": 5,
      "breed": 1,
      "weight": 2
    }
  },
  {
    "model": "quiz.answerweight",
    "pk": 16,
    "fields": {
      "answer": 5,
      "breed": 2,
      "weight": 2
    }
  },
  {
    "model": "quiz.answerweight",
    "pk": 17,
    "fields": {
      "answer": 5,
      "breed": 3,
      "weight": 1
    }
  },
  {
    "model": "quiz.answerweight",
    "pk": 18,
    "fields": {
      "answer": 5,
      "breed": 7,
      "weight": 1
    }
  },
  {
    "model": "quiz.answerweight",
    "pk": 19,
    "fields": {
      "answer": 6,
      "breed": 2,
      "weight": 2
    }
  },
  {
    "model": "quiz.answerweight",
    "pk": 20,
    "fields": {
      "answer": 6,
      "breed": 4,
      "weight": 3
    }
  },
  {
    "model": "quiz.question",
    "pk": 3,
    "fields": {
      "text_en": "What’s your level of experience?",
      "text_pt": "Qual é o seu nível de experiência?",
      "text_es": "¿Cuál es su nivel de experiencia?",
      "text_fr": "Quel est votre niveau d'expérience ?",
      "text_de": "Wie ist Ihr Erfahrungsstand?",
      "text_it": "Qual è il tuo livello di esperienza?",
      "order": 4
    }
  },
  {
    "model": "quiz.answer",
    "pk": 7,
    "fields": {
      "question": 3,
      "text_en": "None, first-time owner",
      "text_pt": "Nenhuma, primeira vez como dono",
      "text_es": "Ninguna, primer propietario",
      "text_fr": "Aucune, premier propriétaire",
      "text_de": "Keine, Erstbesitzer",
      "text_it": "Nessuna, primo proprietario",
      "order": 1
    }
  },
  {
    "model": "quiz.answer",
    "pk": 8,
    "fields": {
      "question": 3,
      "text_en": "Some experience or had dogs before",
      "text_pt": "Alguma experiência ou tive cães antes",
      "text_es": "Algo de experiencia o he tenido perros antes",
      "text_fr": "Une certaine expérience ou j'ai déjà eu des chiens",
      "text_de": "Etwas Erfahrung oder hatte schon Hunde",
      "text_it": "Un po' di esperienza o ho avuto cani prima",
      "order": 2
    }
  },
  {
    "model": "quiz.answer",
    "pk": 9,
    "fields": {
      "question": 3,
      "text_en": "Experienced with working breeds",
      "text_pt": "Experiente com raças de trabalho",
      "text_es": "Experimentado con razas de trabajo",
      "text_fr": "Expérimenté avec des races de travail",
      "text_de": "Erfahren mit Arbeitshunderassen",
      "text_it": "Esperto con razze da lavoro",
      "order": 3
    }
  },
  {
    "model": "quiz.answerweight",
    "pk": 21,
    "fields": {
      "answer": 7,
      "breed": 5,
      "weight": 2
    }
  },
  {
    "model": "quiz.answerweight",
    "pk": 22,
    "fields": {
      "answer": 7,
      "breed": 6,
      "weight": 3
    }
  },
  {
    "model": "quiz.answerweight",
    "pk": 23,
    "fields": {
      "answer": 8,
      "breed": 1,
      "weight": 2
    }
  },
  {
    "model": "quiz.answerweight",
    "pk": 24,
    "fields": {
      "answer": 8,
      "breed": 3,
      "weight": 2
    }
  },
  {
    "model": "quiz.answerweight",
    "pk": 25,
    "fields": {
      "answer": 8,
      "breed": 7,
      "weight": 1
    }
  },
  {
    "model": "quiz.answerweight",
    "pk": 26,
    "fields": {
      "answer": 9,
      "breed": 2,
      "weight": 2
    }
  },
  {
    "model": "quiz.answerweight",
    "pk": 27,
    "fields": {
      "answer": 9,
      "breed": 4,
      "weight": 3
    }
  },
  {
    "model": "quiz.question",
    "pk": 4,
    "fields": {
      "text_en": "Are you willing to attend professional training lessons?",
      "text_pt": "Está disposto a frequentar aulas de treino profissional?",
      "text_es": "¿Está dispuesto a asistir a clases de entrenamiento profesional?",
      "text_fr": "Êtes-vous prêt à assister à des cours de formation professionnelle ?",
      "text_de": "Sind Sie bereit, professionelle Trainingsstunden zu besuchen?",
      "text_it": "Sei disposto a frequentare lezioni di addestramento professionale?",
      "order": 5
    }
  },
  {
    "model": "quiz.answer",
    "pk": 10,
    "fields": {
      "question": 4,
      "text_en": "Yes, regularly",
      "text_pt": "Sim, regularmente",
      "text_es": "Sí, regularmente",
      "text_fr": "Oui, régulièrement",
      "text_de": "Ja, regelmäßig",
      "text_it": "Sì, regolarmente",
      "order": 1
    }
  },
  {
    "model": "quiz.answer",
    "pk": 11,
    "fields": {
      "question": 4,
      "text_en": "Maybe occasionally",
      "text_pt": "Talvez ocasionalmente",
      "text_es": "Quizás ocasionalmente",
      "text_fr": "Peut-être occasionnellement",
      "text_de": "Vielleicht gelegentlich",
      "text_it": "Forse occasionalmente",
      "order": 2
    }
  },
  {
    "model": "quiz.answer",
    "pk": 12,
    "fields": {
      "question": 4,
      "text_en": "No, I prefer minimal training",
      "text_pt": "Não, prefiro treinamento mínimo",
      "text_es": "No, prefiero un entrenamiento mínimo",
      "text_fr": "Non, je préfère une formation minimale",
      "text_de": "Nein, ich bevorzuge minimales Training",
      "text_it": "No, preferisco un addestramento minimo",
      "order": 3
    }
  },
  {
    "model": "quiz.answerweight",
    "pk": 28,
    "fields": {
      "answer": 10,
      "breed": 2,
      "weight": 2
    }
  },
  {
    "model": "quiz.answerweight",
    "pk": 29,
    "fields": {
      "answer": 10,
      "breed": 4,
      "weight": 3
    }
  },
  {
    "model": "quiz.answerweight",
    "pk": 30,
    "fields": {
      "answer": 11,
      "breed": 1,
      "weight": 2
    }
  },
  {
    "model": "quiz.answerweight",
    "pk": 31,
    "fields": {
      "answer": 11,
      "breed": 3,
      "weight": 2
    }
  },
  {
    "model": "quiz.answerweight",
    "pk": 32,
    "fields": {
      "answer": 11,
      "breed": 7,
      "weight": 1
    }
  },
  {
    "model": "quiz.answerweight",
    "pk": 33,
    "fields": {
      "answer": 12,
      "breed": 5,
      "weight": 2
    }
  },
  {
    "model": "quiz.answerweight",
    "pk": 34,
    "fields": {
      "answer": 12,
      "breed": 6,
      "weight": 3
    }
  },
  {
    "model": "quiz.question",
    "pk": 5,
    "fields": {
      "text_en": "How much grooming are you willing to do weekly?",
      "text_pt": "Quanto tempo pode dedicar por semana à escovagem?",
      "text_es": "¿Cuánto tiempo está dispuesto a dedicar semanalmente al aseo?",
      "text_fr": "Combien de temps êtes-vous prêt à consacrer chaque semaine au toilettage ?",
      "text_de": "Wie viel Zeit sind Sie bereit, wöchentlich für die Pflege aufzuwenden?",
      "text_it": "Quanto tempo sei disposto a dedicare settimanalmente alla toelettatura?",
      "order": 6
    }
  },
  {
    "model": "quiz.answer",
    "pk": 13,
    "fields": {
      "question": 5,
      "text_en": "Minimal (quick brushing)",
      "text_pt": "Mínimo (escovagem rápida)",
      "text_es": "Mínimo (cepillado rápido)",
      "text_fr": "Minimal (brossage rapide)",
      "text_de": "Minimal (schnelles Bürsten)",
      "text_it": "Minimo (spazzolatura veloce)",
      "order": 1
    }
  },
  {
    "model": "quiz.answer",
    "pk": 14,
    "fields": {
      "question": 5,
      "text_en": "Some grooming (1-2 sessions)",
      "text_pt": "Alguma escovagem (1-2 vezes)",
      "text_es": "Algo de aseo (1-2 sesiones)",
      "text_fr": "Un peu de toilettage (1-2 séances)",
      "text_de": "Etwas Pflege (1-2 Sitzungen)",
      "text_it": "Un po' di toelettatura (1-2 sessioni)",
      "order": 2
    }
  },
  {
    "model": "quiz.answer",
    "pk": 15,
    "fields": {
      "question": 5,
      "text_en": "I enjoy grooming (3+ times weekly)",
      "text_pt": "Eu gosto de escovar (3+ vezes por semana)",
      "text_es": "Disfruto del aseo (3+ veces por semana)",
      "text_fr": "J'aime le toilettage (3+ fois par semaine)",
      "text_de": "Ich genieße die Pflege (3+ mal wöchentlich)",
      "text_it": "Mi piace la toelettatura (3+ volte a settimana)",
      "order": 3
    }
  },
  {
    "model": "quiz.answerweight",
    "pk": 35,
    "fields": {
      "answer": 13,
      "breed": 4,
      "weight": 2
    }
  },
  {
    "model": "quiz.answerweight",
    "pk": 36,
    "fields": {
      "answer": 14,
      "breed": 1,
      "weight": 2
    }
  },
  {
    "model": "quiz.answerweight",
    "pk": 37,
    "fields": {
      "answer": 14,
      "breed": 2,
      "weight": 2
    }
  },
  {
    "model": "quiz.answerweight",
    "pk": 38,
    "fields": {
      "answer": 14,
      "breed": 3,
      "weight": 2
    }
  },
  {
    "model": "quiz.answerweight",
    "pk": 39,
    "fields": {
      "answer": 15,
      "breed": 5,
      "weight": 3
    }
  },
  {
    "model": "quiz.answerweight",
    "pk": 40,
    "fields": {
      "answer": 15,
      "breed": 6,
      "weight": 3
    }
  },
  {
    "model": "quiz.answerweight",
    "pk": 41,
    "fields": {
      "answer": 15,
      "breed": 7,
      "weight": 2
    }
  },
  {
    "model": "quiz.question",
    "pk": 6,
    "fields": {
      "text_en": "How many hours a day are you typically away from home?",
      "text_pt": "Quantas horas por dia costuma estar fora de casa?",
      "text_es": "¿Cuántas horas al día suele estar fuera de casa?",
      "text_fr": "Combien d'heures par jour êtes-vous généralement absent de chez vous ?",
      "text_de": "Wie viele Stunden am Tag sind Sie typischerweise von zu Hause weg?",
      "text_it": "Quante ore al giorno sei normalmente fuori casa?",
      "order": 7
    }
  },
  {
    "model": "quiz.answer",
    "pk": 16,
    "fields": {
      "question": 6,
      "text_en": "Rarely (0–2 hours)",
      "text_pt": "Raramente (0–2 horas)",
      "text_es": "Raramente (0–2 horas)",
      "text_fr": "Rarement (0–2 heures)",
      "text_de": "Selten (0–2 Stunden)",
      "text_it": "Raramente (0–2 ore)",
      "order": 1
    }
  },
  {
    "model": "quiz.answer",
    "pk": 17,
    "fields": {
      "question": 6,
      "text_en": "4–6 hours",
      "text_pt": "4–6 horas",
      "text_es": "4–6 horas",
      "text_fr": "4–6 heures",
      "text_de": "4–6 Stunden",
      "text_it": "4–6 ore",
      "order": 2
    }
  },
  {
    "model": "quiz.answer",
    "pk": 18,
    "fields": {
      "question": 6,
      "text_en": "8+ hours",
      "text_pt": "8+ horas",
      "text_es": "8+ horas",
      "text_fr": "8+ heures",
      "text_de": "8+ Stunden",
      "text_it": "8+ ore",
      "order": 3
    }
  },
  {
    "model": "quiz.answerweight",
    "pk": 42,
    "fields": {
      "answer": 16,
      "breed": 2,
      "weight": 1
    }
  },
  {
    "model": "quiz.answerweight",
    "pk": 43,
    "fields": {
      "answer": 16,
      "breed": 4,
      "weight": 1
    }
  },
  {
    "model": "quiz.answerweight",
    "pk": 44,
    "fields": {
      "answer": 17,
      "breed": 1,
      "weight": 1
    }
  },
  {
    "model": "quiz.answerweight",
    "pk": 45,
    "fields": {
      "answer": 17,
      "breed": 3,
      "weight": 1
    }
  },
  {
    "model": "quiz.answerweight",
    "pk": 46,
    "fields": {
      "answer": 18,
      "breed": 5,
      "weight": 1
    }
  },
  {
    "model": "quiz.answerweight",
    "pk": 47,
    "fields": {
      "answer": 18,
      "breed": 6,
      "weight": 1
    }
  },
  {
    "model": "quiz.question",
    "pk": 7,
    "fields": {
      "text_en": "How tolerant are you of dog hair (shedding) in your home?",
      "text_pt": "Qual a sua tolerância ao pelo do cão (queda) em casa?",
      "text_es": "¿Qué tolerancia tiene al pelo de perro (caída) en su hogar?",
      "text_fr": "Quelle est votre tolérance aux poils de chien (perte) dans votre maison ?",
      "text_de": "Wie tolerant sind Sie gegenüber Hundehaaren (Haarausfall) in Ihrem Zuhause?",
      "text_it": "Quanto sei tollerante ai peli di cane (perdita) nella tua casa?",
      "order": 8
    }
  },
  {
    "model": "quiz.answer",
    "pk": 19,
    "fields": {
      "question": 7,
      "text_en": "Low tolerance",
      "text_pt": "Baixa tolerância",
      "text_es": "Baja tolerancia",
      "text_fr": "Faible tolérance",
      "text_de": "Niedrige Toleranz",
      "text_it": "Bassa tolleranza",
      "order": 1
    }
  },
  {
    "model": "quiz.answer",
    "pk": 20,
    "fields": {
      "question": 7,
      "text_en": "Medium tolerance",
      "text_pt": "Tolerância média",
      "text_es": "Tolerancia media",
      "text_fr": "Tolérance moyenne",
      "text_de": "Mittlere Toleranz",
      "text_it": "Tolleranza media",
      "order": 2
    }
  },
  {
    "model": "quiz.answer",
    "pk": 21,
    "fields": {
      "question": 7,
      "text_en": "High tolerance",
      "text_pt": "Alta tolerância",
      "text_es": "Alta tolerancia",
      "text_fr": "Haute tolérance",
      "text_de": "Hohe Toleranz",
      "text_it": "Alta tolleranza",
      "order": 3
    }
  },
  {
    "model": "quiz.answerweight",
    "pk": 48,
    "fields": {
      "answer": 19,
      "breed": 1,
      "weight": 1
    }
  },
  {
    "model": "quiz.answerweight",
    "pk": 49,
    "fields": {
      "answer": 20,
      "breed": 2,
      "weight": 1
    }
  },
  {
    "model": "quiz.answerweight",
    "pk": 50,
    "fields": {
      "answer": 20,
      "breed": 3,
      "weight": 1
    }
  },
  {
    "model": "quiz.answerweight",
    "pk": 51,
    "fields": {
      "answer": 21,
      "breed": 4,
      "weight": 1
    }
  },
  {
    "model": "quiz.answerweight",
    "pk": 52,
    "fields": {
      "answer": 21,
      "breed": 6,
      "weight": 1
    }
  },
  {
    "model": "quiz.question",
    "pk": 8,
    "fields": {
      "text_en": "What size do you prefer?",
      "text_pt": "Que tamanho prefere?",
      "text_es": "¿Qué tamaño prefiere?",
      "text_fr": "Quelle taille préférez-vous ?",
      "text_de": "Welche Größe bevorzugen Sie?",
      "text_it": "Che dimensione preferisci?",
      "order": 9
    }
  },
  {
    "model": "quiz.answer",
    "pk": 22,
    "fields": {
      "question": 8,
      "text_en": "Medium (20–30 kg)",
      "text_pt": "Médio (20–30 kg)",
      "text_es": "Mediano (20–30 kg)",
      "text_fr": "Moyen (20–30 kg)",
      "text_de": "Mittel (20–30 kg)",
      "text_it": "Medio (20–30 kg)",
      "order": 1
    }
  },
  {
    "model": "quiz.answer",
    "pk": 23,
    "fields": {
      "question": 8,
      "text_en": "Large (30 kg+)",
      "text_pt": "Grande (30 kg+)",
      "text_es": "Grande (30 kg+)",
      "text_fr": "Grand (30 kg+)",
      "text_de": "Groß (30 kg+)",
      "text_it": "Grande (30 kg+)",
      "order": 2
    }
  },
  {
    "model": "quiz.answerweight",
    "pk": 53,
    "fields": {
      "answer": 22,
      "breed": 1,
      "weight": 1
    }
  },
  {
    "model": "quiz.answerweight",
    "pk": 54,
    "fields": {
      "answer": 22,
      "breed": 3,
      "weight": 1
    }
  },
  {
    "model": "quiz.answerweight",
    "pk": 55,
    "fields": {
      "answer": 22,
      "breed": 5,
      "weight": 1
    }
  },
  {
    "model": "quiz.answerweight",
    "pk": 56,
    "fields": {
      "answer": 23,
      "breed": 2,
      "weight": 1
    }
  },
  {
    "model": "quiz.answerweight",
    "pk": 57,
    "fields": {
      "answer": 23,
      "breed": 4,
      "weight": 1
    }
  },
  {
    "model": "quiz.answerweight",
    "pk": 58,
    "fields": {
      "answer": 23,
      "breed": 6,
      "weight": 1
    }
  },
  {
    "model": "quiz.question",
    "pk": 10,
    "fields": {
      "text_en": "Do you have children or plan to have kids soon?",
      "text_pt": "Tem filhos ou planeia ter em breve?",
      "text_es": "¿Tiene hijos o planea tenerlos pronto?",
      "text_fr": "Avez-vous des enfants ou prévoyez-vous d'en avoir bientôt ?",
      "text_de": "Haben Sie Kinder oder planen Sie bald welche zu bekommen?",
      "text_it": "Hai figli o prevedi di averne presto?",
      "order": 10
    }
  },
  {
    "model": "quiz.answer",
    "pk": 27,
    "fields": {
      "question": 10,
      "text_en": "Yes",
      "text_pt": "Sim",
      "text_es": "Sí",
      "text_fr": "Oui",
      "text_de": "Ja",
      "text_it": "Sì",
      "order": 1
    }
  },
  {
    "model": "quiz.answer",
    "pk": 28,
    "fields": {
      "question": 10,
      "text_en": "No",
      "text_pt": "Não",
      "text_es": "No",
      "text_fr": "Non",
      "text_de": "Nein",
      "text_it": "No",
      "order": 2
    }
  },
  {
    "model": "quiz.answerweight",
    "pk": 65,
    "fields": {
      "answer": 27,
      "breed": 1,
      "weight": 1
    }
  },
  {
    "model": "quiz.answerweight",
    "pk": 66,
    "fields": {
      "answer": 27,
      "breed": 3,
      "weight": 1
    }
  },
  {
    "model": "quiz.answerweight",
    "pk": 67,
    "fields": {
      "answer": 28,
      "breed": 4,
      "weight": 1
    }
  },
  {
    "model": "quiz.question",
    "pk": 11,
    "fields": {
      "text_en": "Do you already have other pets at home?",
      "text_pt": "Já tem outros animais em casa?",
      "text_es": "¿Ya tiene otras mascotas en casa?",
      "text_fr": "Avez-vous déjà d'autres animaux à la maison ?",
      "text_de": "Haben Sie bereits andere Haustiere zu Hause?",
      "text_it": "Hai già altri animali domestici a casa?",
      "order": 11
    }
  },
  {
    "model": "quiz.answer",
    "pk": 29,
    "fields": {
      "question": 11,
      "text_en": "No other pets",
      "text_pt": "Sem outros animais",
      "text_es": "Sin otras mascotas",
      "text_fr": "Pas d'autres animaux",
      "text_de": "Keine anderen Haustiere",
      "text_it": "Nessun altro animale domestico",
      "order": 1
    }
  },
  {
    "model": "quiz.answer",
    "pk": 30,
    "fields": {
      "question": 11,
      "text_en": "Yes - cats/small pets",
      "text_pt": "Sim - gatos/animais pequenos",
      "text_es": "Sí - gatos/mascotas pequeñas",
      "text_fr": "Oui - chats/petits animaux",
      "text_de": "Ja - Katzen/kleine Haustiere",
      "text_it": "Sì - gatti/piccoli animali",
      "order": 2
    }
  },
  {
    "model": "quiz.answer",
    "pk": 31,
    "fields": {
      "question": 11,
      "text_en": "Yes - other dogs",
      "text_pt": "Sim - outros cães",
      "text_es": "Sí - otros perros",
      "text_fr": "Oui - autres chiens",
      "text_de": "Ja - andere Hunde",
      "text_it": "Sì - altri cani",
      "order": 3
    }
  },
  {
    "model": "quiz.answerweight",
    "pk": 68,
    "fields": {
      "answer": 30,
      "breed": 1,
      "weight": 1
    }
  },
  {
    "model": "quiz.answerweight",
    "pk": 69,
    "fields": {
      "answer": 31,
      "breed": 2,
      "weight": 1
    }
  },
  {
    "model": "quiz.question",
    "pk": 12,
    "fields": {
      "text_en": "How tolerant are you of barking and vocal dogs?",
      "text_pt": "Qual a sua tolerância a latidos e cães vocais?",
      "text_es": "¿Qué tolerancia tiene a los ladridos y perros vocales?",
      "text_fr": "Quelle est votre tolérance aux aboiements et aux chiens vocaux ?",
      "text_de": "Wie tolerant sind Sie gegenüber Bellen und vokalen Hunden?",
      "text_it": "Quanto sei tollerante verso l'abbaiare e i cani vocali?",
      "order": 12
    }
  },
  {
    "model": "quiz.answer",
    "pk": 32,
    "fields": {
      "question": 12,
      "text_en": "Low",
      "text_pt": "Baixa",
      "text_es": "Baja",
      "text_fr": "Faible tolérance",
      "text_de": "Niedrig",
      "text_it": "Bassa",
      "order": 1
    }
  },
  {
    "model": "quiz.answer",
    "pk": 33,
    "fields": {
      "question": 12,
      "text_en": "Medium",
      "text_pt": "Média",
      "text_es": "Media",
      "text_fr": "Tolérance moyenne",
      "text_de": "Mittel",
      "text_it": "Media",
      "order": 2
    }
  },
  {
    "model": "quiz.answer",
    "pk": 34,
    "fields": {
      "question": 12,
      "text_en": "High tolerance",
      "text_pt": "Alta",
      "text_es": "Alta",
      "text_fr": "Haute tolérance",
      "text_de": "Hoch",
      "text_it": "Alta",
      "order": 3
    }
  },
  {
    "model": "quiz.answerweight",
    "pk": 70,
    "fields": {
      "answer": 32,
      "breed": 1,
      "weight": 1
    }
  },
  {
    "model": "quiz.answerweight",
    "pk": 71,
    "fields": {
      "answer": 33,
      "breed": 3,
      "weight": 1
    }
  },
  {
    "model": "quiz.answerweight",
    "pk": 72,
    "fields": {
      "answer": 34,
      "breed": 4,
      "weight": 1
    }
  },
  {
    "model": "quiz.question",
    "pk": 13,
    "fields": {
      "text_en": "Are you comfortable with a higher monthly cost (food, vet, insurance, training)?",
      "text_pt": "Sente-se confortável com um custo mensal mais elevado (ração, veterinário, seguro, treino)?",
      "text_es": "¿Se siente cómodo con un costo mensual más alto (comida, veterinario, seguro, entrenamiento)?",
      "text_fr": "Êtes-vous à l'aise avec un coût mensuel plus élevé (nourriture, vétérinaire, assurance, formation) ?",
      "text_de": "Fühlen Sie sich mit höheren monatlichen Kosten (Essen, Tierarzt, Versicherung, Training) wohl?",
      "text_it": "Ti senti a tuo agio con un costo mensile più elevato (cibo, veterinario, assicurazione, addestramento)?",
      "order": 13
    }
  },
  {
    "model": "quiz.answer",
    "pk": 35,
    "fields": {
      "question": 13,
      "text_en": "Prefer moderate cost",
      "text_pt": "Prefiro custo moderado",
      "text_es": "Prefiero costo moderado",
      "text_fr": "Je préfère un coût modéré",
      "text_de": "Bevorzuge moderate Kosten",
      "text_it": "Preferisco un costo moderato",
      "order": 1
    }
  },
  {
    "model": "quiz.answer",
    "pk": 36,
    "fields": {
      "question": 13,
      "text_en": "Comfortable with high cost",
      "text_pt": "Confortável com custo elevado",
      "text_es": "Cómodo con costo alto",
      "text_fr": "À l'aise avec un coût élevé",
      "text_de": "Komfortabel mit hohen Kosten",
      "text_it": "A tuo agio con costi elevati",
      "order": 2
    }
  },
  {
    "model": "quiz.answerweight",
    "pk": 73,
    "fields": {
      "answer": 35,
      "breed": 1,
      "weight": 1
    }
  },
  {
    "model": "quiz.answerweight",
    "pk": 74,
    "fields": {
      "answer": 35,
      "breed": 3,
      "weight": 1
    }
  },
  {
    "model": "quiz.answerweight",
    "pk": 75,
    "fields": {
      "answer": 36,
      "breed": 4,
      "weight": 1
    }
  },
  {
    "model": "quiz.answerweight",
    "pk": 76,
    "fields": {
      "answer": 36,
      "breed": 6,
      "weight": 1
    }
  },
  {
    "model": "quiz.question",
    "pk": 14,
    "fields": {
      "text_en": "What temperament do you prefer?",
      "text_pt": "Que temperamento prefere?",
      "text_es": "¿Qué temperamento prefiere?",
      "text_fr": "Quel tempérament préférez-vous ?",
      "text_de": "Welchen Temperament bevorzugen Sie?",
      "text_it": "Che temperamento preferisci?",
      "order": 14
    }
  },
  {
    "model": "quiz.answer",
    "pk": 37,
    "fields": {
      "question": 14,
      "text_en": "Calmer, more balanced",
      "text_pt": "Mais calmo e equilibrado",
      "text_es": "Más tranquilo y equilibrado",
      "text_fr": "Plus calme et équilibré",
      "text_de": "Ruhiger, ausgeglichener",
      "text_it": "Più calmo e equilibrato",
      "order": 1
    }
  },
  {
    "model": "quiz.answer",
    "pk": 38,
    "fields": {
      "question": 14,
      "text_en": "Highly driven / intense",
      "text_pt": "Muito enérgico / intenso",
      "text_es": "Muy enérgico / intenso",
      "text_fr": "Très motivé / intense",
      "text_de": "Hoch motiviert / intensiv",
      "text_it": "Molto energico / intenso",
      "order": 2
    }
  },
  {
    "model": "quiz.answerweight",
    "pk": 77,
    "fields": {
      "answer": 37,
      "breed": 1,
      "weight": 1
    }
  },
  {
    "model": "quiz.answerweight",
    "pk": 78,
    "fields": {
      "answer": 37,
      "breed": 3,
      "weight": 1
    }
  },
  {
    "model": "quiz.answerweight",
    "pk": 79,
    "fields": {
      "answer": 38,
      "breed": 2,
      "weight": 2
    }
  },
  {
    "model": "quiz.answerweight",
    "pk": 80,
    "fields": {
      "answer": 38,
      "breed": 4,
      "weight": 2
    }
  },
  {
    "model": "quiz.question",
    "pk": 15,
    "fields": {
      "text_en": "Do you travel often or need flexibility with dog care?",
      "text_pt": "Viaja com frequência ou precisa de flexibilidade nos cuidados?",
      "text_es": "¿Viaja con frecuencia o necesita flexibilidad en el cuidado del perro?",
      "text_fr": "Voyagez-vous souvent ou avez-vous besoin de flexibilité pour les soins aux chiens ?",
      "text_de": "Reisen Sie oft oder benötigen Sie Flexibilität bei der Hundepflege?",
      "text_it": "Viaggi spesso o hai bisogno di flessibilità nella cura del cane?",
      "order": 15
    }
  },
  {
    "model": "quiz.answer",
    "pk": 39,
    "fields": {
      "question": 15,
      "text_en": "Yes, travel often / need flexibility",
      "text_pt": "Sim, viajo com frequência / preciso de flexibilidade",
      "text_es": "Sí, viajo con frecuencia / necesito flexibilidad",
      "text_fr": "Oui, je voyage souvent / j'ai besoin de flexibilité",
      "text_de": "Ja, ich reise oft / brauche Flexibilität",
      "text_it": "Sì, viaggio spesso / ho bisogno di flessibilità",
      "order": 1
    }
  },
  {
    "model": "quiz.answer",
    "pk": 40,
    "fields": {
      "question": 15,
      "text_en": "No, stable routine",
      "text_pt": "Não, rotina estável",
      "text_es": "No, rutina estable",
      "text_fr": "Non, routine stable",
      "text_de": "Nein, stabile Routine",
      "text_it": "No, routine stabile",
      "order": 2
    }
  },
  {
    "model": "quiz.answerweight",
    "pk": 81,
    "fields": {
      "answer": 39,
      "breed": 5,
      "weight": 1
    }
  },
  {
    "model": "quiz.answerweight",
    "pk": 82,
    "fields": {
      "answer": 39,
      "breed": 7,
      "weight": 1
    }
  },
  {
    "model": "quiz.answerweight",
    "pk": 83,
    "fields": {
      "answer": 40,
      "breed": 2,
      "weight": 1
    }
  },
  {
    "model": "quiz.answerweight",
    "pk": 84,
    "fields": {
      "answer": 40,
      "breed": 4,
      "weight": 1
    }
  }
]